text,label,notes,source_url
Arsenal v PSG got 16.2m illegal stream views in UK after not being free-to-air,news / information update,"Public r/soccer post title or thread title; primarily shares a source, score, official update, quote, or match/event information.",https://www.reddit.com/r/soccer/
Lamine Yamal raises Palestine Flag during parade,news / information update,"Public r/soccer post title or thread title; primarily shares a source, score, official update, quote, or match/event information.",https://www.reddit.com/r/soccer/
Martin Ødegaard accidentally hitting a policeman on the head when heading a ball off the parade bus yesterday,news / information update,"Public r/soccer post title or thread title; primarily shares a source, score, official update, quote, or match/event information.",https://www.reddit.com/r/soccer/
Colombia 2-0 Costa Rica - Luis Diaz 23',news / information update,"Public r/soccer post title or thread title; primarily shares a source, score, official update, quote, or match/event information.",https://www.reddit.com/r/soccer/
Hull City manager Sergej Jakirović on getting promoted to the PL: “I came here to keep Hull in the Championship. I failed.”,news / information update,"Public r/soccer post title or thread title; primarily shares a source, score, official update, quote, or match/event information.",https://www.reddit.com/r/soccer/
Norway 3-[1] Sweden - Alexander Isak 76',news / information update,"Public r/soccer post title or thread title; primarily shares a source, score, official update, quote, or match/event information.",https://www.reddit.com/r/soccer/
[Official] Arsenal crowned 2025/26 Premier League Champions.,news / information update,"Public r/soccer post title or thread title; primarily shares a source, score, official update, quote, or match/event information.",https://www.reddit.com/r/soccer/
[BBC] 'You legend. Manager loved it' - Southampton's Spygate WhatsApps revealed,news / information update,"Public r/soccer post title or thread title; primarily shares a source, score, official update, quote, or match/event information.",https://www.reddit.com/r/soccer/
Match Thread: Colombia vs Costa Rica,news / information update,"Public r/soccer post title or thread title; primarily shares a source, score, official update, quote, or match/event information.",https://www.reddit.com/r/soccer/
The moment Arsenal found out they became Champions of England,news / information update,"Public r/soccer post title or thread title; primarily shares a source, score, official update, quote, or match/event information.",https://www.reddit.com/r/soccer/
James Milner retires at 40,news / information update,"Public r/soccer post title or thread title; primarily shares a source, score, official update, quote, or match/event information.",https://www.reddit.com/r/soccer/
Marquinhos comforts his international teammate Gabriel after his penalty miss,news / information update,"Public r/soccer post title or thread title; primarily shares a source, score, official update, quote, or match/event information.",https://www.reddit.com/r/soccer/
psg and arsenal preparing for dembele penalty,news / information update,"Public r/soccer post title or thread title; primarily shares a source, score, official update, quote, or match/event information.",https://www.reddit.com/r/soccer/
"Gary Lineker on UCL final: “As a complete neutral I would say it’s a victory for positive football over negative football. Looking at the game as a fan with no skin in the game, I think Arsenal had to play that way because they wouldn’t have beaten PSG any other way.”",news / information update,"Public r/soccer post title or thread title; primarily shares a source, score, official update, quote, or match/event information.",https://www.reddit.com/r/soccer/
Referee awards Arsenal a corner kick in stoppage time but then blows the whistle for halftime after Arsenal takes too long to take it,news / information update,"Public r/soccer post title or thread title; primarily shares a source, score, official update, quote, or match/event information.",https://www.reddit.com/r/soccer/
"The truth behind PSG’s CL dominance: 4 years ago, there was a wall of justified fury over every issue to do with Qatar: sportswashing, a “slave labour” system based on racial discrimination, wider suppression of human rights. And now, as its European club team retains the CL, there’s none of that.",news / information update,"Public r/soccer post title or thread title; primarily shares a source, score, official update, quote, or match/event information.",https://www.reddit.com/r/soccer/
Kashima fan strongly heads the ball back in the match against JEF United.,news / information update,"Public r/soccer post title or thread title; primarily shares a source, score, official update, quote, or match/event information.",https://www.reddit.com/r/soccer/
[Liverpool FC] have parted ways with Arne Slot,news / information update,"Public r/soccer post title or thread title; primarily shares a source, score, official update, quote, or match/event information.",https://www.reddit.com/r/soccer/
Florentino Pérez’s new electoral poster for the upcoming Real Madrid elections displaying his big signings.,news / information update,"Public r/soccer post title or thread title; primarily shares a source, score, official update, quote, or match/event information.",https://www.reddit.com/r/soccer/
"[Fotmob] Out of all the 344 La Liga players who have played in the 2025/26 season, Kylian Mbappé ranks last in defensive contributions per 90.",news / information update,"Public r/soccer post title or thread title; primarily shares a source, score, official update, quote, or match/event information.",https://www.reddit.com/r/soccer/comments/1ttyoih/fotmob_out_of_all_the_344_la_liga_players_who/
Pep Guardiola gets reunited with the young fan with whom he did a taxi ride 10 years ago after joining City.,news / information update,"Public r/soccer post title or thread title; primarily shares a source, score, official update, quote, or match/event information.",https://www.reddit.com/r/soccer/
Colombia 1-0 Costa Rica - Davinson Sanchez 17',news / information update,"Public r/soccer post title or thread title; primarily shares a source, score, official update, quote, or match/event information.",https://www.reddit.com/r/soccer/
"The Athletic on Alexi Lalas: He is one of the most insufferable analysts in American TV sports history. And while he was one of the best all-time U.S. defenders, his credentials are paltry compared with those of Zlatan and Henry.",news / information update,"Public r/soccer post title or thread title; primarily shares a source, score, official update, quote, or match/event information.",https://www.reddit.com/r/soccer/?after=dDNfMXR1OWlicw%3D%3D&sort=best&t=DAY
Norway's football team official photo for World Cup 2026,news / information update,"Public r/soccer post title or thread title; primarily shares a source, score, official update, quote, or match/event information.",https://www.reddit.com/r/soccer/?after=dDNfMXR1OWlicw%3D%3D&sort=best&t=DAY
10 men and a statue: Portugal are sacrificing another World Cup for Cristiano Ronaldo’s ego,news / information update,"Public r/soccer post title or thread title; primarily shares a source, score, official update, quote, or match/event information.",https://www.reddit.com/r/soccer/?after=dDNfMXR1OWlicw%3D%3D&sort=best&t=DAY
Mexican fans spot a South Korean fan and immediately adopt him,news / information update,"Public r/soccer post title or thread title; primarily shares a source, score, official update, quote, or match/event information.",https://www.reddit.com/r/soccer/?after=dDNfMXR1OWlicw%3D%3D&sort=best&t=DAY
Czechia coach Miroslav Koubek telling the cameraman to back off,news / information update,"Public r/soccer post title or thread title; primarily shares a source, score, official update, quote, or match/event information.",https://www.reddit.com/r/soccer/?after=dDNfMXR1OWlicw%3D%3D&sort=best&t=DAY
Canada [3] - 0 Qatar - J. David 45+2',news / information update,"Public r/soccer post title or thread title; primarily shares a source, score, official update, quote, or match/event information.",https://www.reddit.com/r/soccer/?after=dDNfMXR1OWlicw%3D%3D&sort=best&t=DAY
Schmeichel blasts Martínez: ‘He’s wasting Portugal just like he wasted Belgium.,news / information update,"Public r/soccer post title or thread title; primarily shares a source, score, official update, quote, or match/event information.",https://www.reddit.com/r/soccer/?after=dDNfMXR1OWlicw%3D%3D&sort=best&t=DAY
A duck in Mexico wearing a Mexican jersey,news / information update,"Public r/soccer post title or thread title; primarily shares a source, score, official update, quote, or match/event information.",https://www.reddit.com/r/soccer/?after=dDNfMXR1OWlicw%3D%3D&sort=best&t=DAY
Kylian Mbappe supervising the France team's training session from the top of a scaffold.,news / information update,"Public r/soccer post title or thread title; primarily shares a source, score, official update, quote, or match/event information.",https://www.reddit.com/r/soccer/?after=dDNfMXR1OWlicw%3D%3D&sort=best&t=DAY
"[A Bola] Ronaldo fans flooded the social media accounts of Bruno Fernandes, João Neves and Vitinha with thousands of messages demanding ""more respect"" for Ronaldo and accusing them of not passing Ronaldo the ball enough. Ronaldo's sister has also liked a social media post slandering Bruno Fernandes",news / information update,"Public r/soccer post title or thread title; primarily shares a source, score, official update, quote, or match/event information.",https://www.reddit.com/r/soccer/?after=dDNfMXR1OWlicw%3D%3D&sort=best&t=DAY
"[L'Equipe] Jürgen Klopp: ""Football is being held hostage by executives in air-conditioned offices. These so-called 'cooling breaks' were sold to us as a shield for the players' well-being, a noble sword against the heat. But in reality? It's nothing more than a gilded cage built for sponsors.""",news / information update,"Public r/soccer post title or thread title; primarily shares a source, score, official update, quote, or match/event information.",https://www.reddit.com/r/soccer/?after=dDNfMXR1OWlicw%3D%3D&sort=best&t=DAY
Jesse Marsch celebration,news / information update,"Public r/soccer post title or thread title; primarily shares a source, score, official update, quote, or match/event information.",https://www.reddit.com/r/soccer/?after=dDNfMXR1OWlicw%3D%3D&sort=best&t=DAY
Thomas Tuchel perplexed by the close proximity of the photographers to their bench before the national anthems,news / information update,"Public r/soccer post title or thread title; primarily shares a source, score, official update, quote, or match/event information.",https://www.reddit.com/r/soccer/?after=dDNfMXR1OWlicw%3D%3D&sort=best&t=DAY
Argentina [3] - 0 Algeria - Lionel Messi 76' hat-trick,news / information update,"Public r/soccer post title or thread title; primarily shares a source, score, official update, quote, or match/event information.",https://www.reddit.com/r/soccer/?after=dDNfMXR1OWlicw%3D%3D&sort=best&t=DAY
Khusanov apologized and gave his signed shirt to the cameraman,news / information update,"Public r/soccer post title or thread title; primarily shares a source, score, official update, quote, or match/event information.",https://www.reddit.com/r/soccer/?after=dDNfMXR1OWlicw%3D%3D&sort=best&t=DAY
Andrey Arshavin joined the Uzbekistan fans last night in the Azteca,news / information update,"Public r/soccer post title or thread title; primarily shares a source, score, official update, quote, or match/event information.",https://www.reddit.com/r/soccer/?after=dDNfMXR1OWlicw%3D%3D&sort=best&t=DAY
[433] Some DR Congo fans getting the notification for the equalizer gainst Portugal before it appears on the screen,news / information update,"Public r/soccer post title or thread title; primarily shares a source, score, official update, quote, or match/event information.",https://www.reddit.com/r/soccer/?after=dDNfMXR1OWlicw%3D%3D&sort=best&t=DAY
T. Muharemovic straight red card against Switzerland 80',news / information update,"Public r/soccer post title or thread title; primarily shares a source, score, official update, quote, or match/event information.",https://www.reddit.com/r/soccer/?after=dDNfMXR1OWlicw%3D%3D&sort=best&t=DAY
Alternative angle of Cristiano Ronaldo's chance vs DR Congo 68',news / information update,"Public r/soccer post title or thread title; primarily shares a source, score, official update, quote, or match/event information.",https://www.reddit.com/r/soccer/?after=dDNfMXR1OWlicw%3D%3D&sort=best&t=DAY
Thomas Müller finds it hard to get through Manhattan for his training session due to the Knicks parade,news / information update,"Public r/soccer post title or thread title; primarily shares a source, score, official update, quote, or match/event information.",https://www.reddit.com/r/soccer/?after=dDNfMXR1OWlicw%3D%3D&sort=best&t=DAY
"Post Match Thread: England 4 - 2 Croatia | FIFA World Cup 2026 | Group Stage, Group L",news / information update,"Public r/soccer post title or thread title; primarily shares a source, score, official update, quote, or match/event information.",https://www.reddit.com/r/soccer/comments/1u8o2hm/post_match_thread_england_4_2_croatia_fifa_world/
Post Match Thread: Portugal 1 - 1 Congo DR | FIFA World Cup 2026,news / information update,"Public r/soccer post title or thread title; primarily shares a source, score, official update, quote, or match/event information.",https://www.reddit.com/r/soccer/comments/1u8j98u/post_match_thread_portugal_1_1_congo_dr_fifa/
Post Match Thread: Germany 7 - 1 Curaçao | FIFA World Cup 2026,news / information update,"Public r/soccer post title or thread title; primarily shares a source, score, official update, quote, or match/event information.",https://www.reddit.com/r/soccer/comments/1u5tl6r/post_match_thread_germany_7_1_cura%C3%A7ao_fifa_world/
Post Match Thread: United States 4 - 1 Paraguay | FIFA World Cup 2026,news / information update,"Public r/soccer post title or thread title; primarily shares a source, score, official update, quote, or match/event information.",https://www.reddit.com/r/soccer/comments/1u4flfu/post_match_thread_united_states_4_1_paraguay_fifa/
Post Match Thread: Qatar 1 - 1 Switzerland | FIFA World Cup 2026,news / information update,"Public r/soccer post title or thread title; primarily shares a source, score, official update, quote, or match/event information.",https://www.reddit.com/r/soccer/comments/1u526oh/post_match_thread_qatar_1_1_switzerland_fifa/
"Post Match Thread: Austria 3 - 1 Jordan | FIFA World Cup 2026 | Group Stage, Group J",news / information update,"Public r/soccer post title or thread title; primarily shares a source, score, official update, quote, or match/event information.",https://www.reddit.com/r/soccer/comments/1u81zyl/post_match_thread_austria_3_1_jordan_fifa_world/
Daily Discussion,news / information update,"Public r/soccer post title or thread title; primarily shares a source, score, official update, quote, or match/event information.",https://www.reddit.com/r/soccer/comments/1r30hez/daily_discussion/
"Match Thread: England vs Croatia | FIFA World Cup 2026 | Group Stage, Group L",news / information update,"Public r/soccer post title or thread title; primarily shares a source, score, official update, quote, or match/event information.",https://old.reddit.com/r/soccer/comments/1u8k2bp/match_thread_england_vs_croatia_fifa_world_cup/
"Ferran Torres being here is more interesting, we know about Mbappe not working hard but Torres has played for Pep and for Flick now two managers who like pressing forwards",evidence-based analysis,"Public r/soccer comment; label chosen because it gives a rule explanation, stat context, tactical reasoning, or specific evidence.",https://www.reddit.com/r/soccer/comments/1ttyoih/fotmob_out_of_all_the_344_la_liga_players_who/
"Ferran works hard at pressing and runs all the time, every Barca fan knows he has issues, but pressing isnt one of them",evidence-based analysis,"Public r/soccer comment; label chosen because it gives a rule explanation, stat context, tactical reasoning, or specific evidence.",https://www.reddit.com/r/soccer/comments/1ttyoih/fotmob_out_of_all_the_344_la_liga_players_who/
"I just looked and Ferran is mid in pressures, like 80th percentile in some pressing but 40th in defensive stuff. So basically what he does is runs a decent amount but he's shit at getting tackles/interceptions",evidence-based analysis,"Public r/soccer comment; label chosen because it gives a rule explanation, stat context, tactical reasoning, or specific evidence.",https://www.reddit.com/r/soccer/comments/1ttyoih/fotmob_out_of_all_the_344_la_liga_players_who/
"ye this makes me question how this defensive contributions are calculated. I assume it's not possession adjusted. Forwards for Barca and Real only are 25-35% out of possession in their average LaLiga match + if you are already leading by 2 goals you probably can relax a bit more. Additionally many teams don't even try to play out of the back vs Barca because of their press. And AFAIK Fotmob doesn't track pressures p90 or similar pressing stats, but tackles and interceptions - and there is a difference. You can be great at pressing without tackles",evidence-based analysis,"Public r/soccer comment; label chosen because it gives a rule explanation, stat context, tactical reasoning, or specific evidence.",https://www.reddit.com/r/soccer/comments/1ttyoih/fotmob_out_of_all_the_344_la_liga_players_who/
"it depends on what do they mean by ""defensive contributions"". Ferran presses a lot actually so I am a bit sceptical. Then Mbappe having only 6 seems fishy. Then, a lot of gk in there which is weird",evidence-based analysis,"Public r/soccer comment; label chosen because it gives a rule explanation, stat context, tactical reasoning, or specific evidence.",https://www.reddit.com/r/soccer/comments/1ttyoih/fotmob_out_of_all_the_344_la_liga_players_who/
He's a hard worker but not a smart worker. I can't remember the last time his press either suffocated the back line or took back possession in opponent's half.,evidence-based analysis,"Public r/soccer comment; label chosen because it gives a rule explanation, stat context, tactical reasoning, or specific evidence.",https://www.reddit.com/r/soccer/comments/1ttyoih/fotmob_out_of_all_the_344_la_liga_players_who/
"Ferran is many things, but I've never seen anyone in our fanbase complaining about Ferran being lazy. And from the games I've watched, bro isn't lazy at all.",evidence-based analysis,"Public r/soccer comment; label chosen because it gives a rule explanation, stat context, tactical reasoning, or specific evidence.",https://www.reddit.com/r/soccer/comments/1ttyoih/fotmob_out_of_all_the_344_la_liga_players_who/
You make less defensive contributions when your team has more of the ball. It’s part of why Mbappé is so low too. Real Madrid and Barca have a lot of the ball,evidence-based analysis,"Public r/soccer comment; label chosen because it gives a rule explanation, stat context, tactical reasoning, or specific evidence.",https://www.reddit.com/r/soccer/comments/1ttyoih/fotmob_out_of_all_the_344_la_liga_players_who/
"That's not how it works. The reason big teams have the ball more is they are amazing at winning it back and not allowing the opponent to do anything, attackers contribute to that. Ferran presses but is pretty bad at winning tackles",evidence-based analysis,"Public r/soccer comment; label chosen because it gives a rule explanation, stat context, tactical reasoning, or specific evidence.",https://www.reddit.com/r/soccer/comments/1ttyoih/fotmob_out_of_all_the_344_la_liga_players_who/
Look at total tackles and interceptions stats for games and the more dominant team will always have less,evidence-based analysis,"Public r/soccer comment; label chosen because it gives a rule explanation, stat context, tactical reasoning, or specific evidence.",https://www.reddit.com/r/soccer/comments/1ttyoih/fotmob_out_of_all_the_344_la_liga_players_who/
"Hojlund has comparable stats, both at Atlanta and at United he had seasons with around 0.5 defensive contributions. But this is a bad stat, this is tackles/interceptions mostly, you can be a good presser and have awful numbers. Mbappe is awful at it though and just doesn't try hard but you have a few strikers like this if you go down the list of every league. The other one where it shows pressures and everything is much better and Mbappe is bottom percentile in that, the funniest part is he's always been like this even at Monaco, he had 10 in Monaco at age 17 where he was not fully starting yet, 7 tackles and 3 interceptions total in 29 league games",evidence-based analysis,"Public r/soccer comment; label chosen because it gives a rule explanation, stat context, tactical reasoning, or specific evidence.",https://www.reddit.com/r/soccer/comments/1ttyoih/fotmob_out_of_all_the_344_la_liga_players_who/
Well I mean we let Salah get off when he was scoring tons of goals but only works if the rest is also working hard. 42 g in 44 games this season is an insane return. I wouldn't be too harsh on him. But the squad has to also cover for him too. So unless they all work together it can become messy.,evidence-based analysis,"Public r/soccer comment; label chosen because it gives a rule explanation, stat context, tactical reasoning, or specific evidence.",https://www.reddit.com/r/soccer/comments/1ttyoih/fotmob_out_of_all_the_344_la_liga_players_who/
Tbh Vini and Ferran aren’t crazy far off Julian they are all around the 1-1.6 mark. Mbappe is the real outliet at 0.2.,evidence-based analysis,"Public r/soccer comment; label chosen because it gives a rule explanation, stat context, tactical reasoning, or specific evidence.",https://www.reddit.com/r/soccer/comments/1ttyoih/fotmob_out_of_all_the_344_la_liga_players_who/
A GK having 3.5x more defensive contributions should make you realize that you not helping defend is a HUGE problem. No wonder Luis Enrique has this PSG side thriving now.,evidence-based analysis,"Public r/soccer comment; label chosen because it gives a rule explanation, stat context, tactical reasoning, or specific evidence.",https://www.reddit.com/r/soccer/comments/1ttyoih/fotmob_out_of_all_the_344_la_liga_players_who/
"He's doing it out of spite at this point. It's one thing to be on the lazier side, but to be dead last, after Luis Enrique pointed it out years ago in a viral clip, then won 2 UCLs in the 2 seasons after you, fielding attacking players who defend? While his new team that won the UCL the year before he joined, can't win one with him, where everyone can see that his lack of pressing is the problem? Bro needs introspection and to really be honest with himself",evidence-based analysis,"Public r/soccer comment; label chosen because it gives a rule explanation, stat context, tactical reasoning, or specific evidence.",https://www.reddit.com/r/soccer/comments/1ttyoih/fotmob_out_of_all_the_344_la_liga_players_who/
"What's even CRAZIER is that in Opta's top 20 leagues, out of 6,045, Mbappe is dead last, standing at 6,045th. Over 500 goalkeepers have more defensive contribution than him.",evidence-based analysis,"Public r/soccer comment; label chosen because it gives a rule explanation, stat context, tactical reasoning, or specific evidence.",https://www.reddit.com/r/soccer/comments/1ttyoih/fotmob_out_of_all_the_344_la_liga_players_who/
Pressing is very different to defensive contributions where it’s mostly tackles and interceptions.,evidence-based analysis,"Public r/soccer comment; label chosen because it gives a rule explanation, stat context, tactical reasoning, or specific evidence.",https://www.reddit.com/r/soccer/comments/1ttyoih/fotmob_out_of_all_the_344_la_liga_players_who/
"Yeah he runs a lot, but it is ineffective or somebody else intercept ball. He is worse than Lewandowski in pressing.",evidence-based analysis,"Public r/soccer comment; label chosen because it gives a rule explanation, stat context, tactical reasoning, or specific evidence.",https://www.reddit.com/r/soccer/comments/1ttyoih/fotmob_out_of_all_the_344_la_liga_players_who/
"With most of these stats, it does depend on game state. If a team is dominating the ball, it is far less likely that the attackers will have to perform defensive actions. Ferran Torres being here is a reflection of that because he is an active, pressing forward. Compared to Lewandowski, he can't perform clearances from corners and set-pieces, but he does press.",evidence-based analysis,"Public r/soccer comment; label chosen because it gives a rule explanation, stat context, tactical reasoning, or specific evidence.",https://www.reddit.com/r/soccer/comments/1ttyoih/fotmob_out_of_all_the_344_la_liga_players_who/
"This is probably a list of players that played like 3000 minutes or something, there are way more than 344 players in la liga",evidence-based analysis,"Public r/soccer comment; label chosen because it gives a rule explanation, stat context, tactical reasoning, or specific evidence.",https://www.reddit.com/r/soccer/comments/1ttyoih/fotmob_out_of_all_the_344_la_liga_players_who/
"Very far down as well, but they were doing about 1.0 per 90. 0.2 is insanely lazy, not to mention that the game has evolved and forwards helping defend has become much more important.",evidence-based analysis,"Public r/soccer comment; label chosen because it gives a rule explanation, stat context, tactical reasoning, or specific evidence.",https://www.reddit.com/r/soccer/comments/1ttyoih/fotmob_out_of_all_the_344_la_liga_players_who/
Ronaldo 15 in 2.6k minutes. Messi 11 in 1.2k minutes. Mbappe 6 in 2.6k minutes,evidence-based analysis,"Public r/soccer comment; label chosen because it gives a rule explanation, stat context, tactical reasoning, or specific evidence.",https://www.reddit.com/r/soccer/comments/1ttyoih/fotmob_out_of_all_the_344_la_liga_players_who/
"The stat only goes to 16/17. Messi: 16/17: 1.00, 17/18: 0.80, 18/19: 0.50, 19/20: 0.90, 20/21: 0.70. Ronaldo: 16/17: 1.10, 17/18: 1.20. So better than mbappe. They were scoring more goals as well",evidence-based analysis,"Public r/soccer comment; label chosen because it gives a rule explanation, stat context, tactical reasoning, or specific evidence.",https://www.reddit.com/r/soccer/comments/1ttyoih/fotmob_out_of_all_the_344_la_liga_players_who/
Top top attackers are often told not to press (Pep literally said he doesn't want Haaland to press). But that's different from being lazy. Mbappe is blatantly lazy.,evidence-based analysis,"Public r/soccer comment; label chosen because it gives a rule explanation, stat context, tactical reasoning, or specific evidence.",https://www.reddit.com/r/soccer/comments/1ttyoih/fotmob_out_of_all_the_344_la_liga_players_who/
Player encroaches penalty spot early then first to clear the ball = penalty retake,evidence-based analysis,"Public r/soccer comment; label chosen because it gives a rule explanation, stat context, tactical reasoning, or specific evidence.",https://old.reddit.com/r/soccer/comments/1u8k2bp/match_thread_england_vs_croatia_fifa_world_cup/
so as I understand it the goalkeeper has to stay on the goal line until the shot is taken. apparently the goalkeeper was minimally off the goal line,evidence-based analysis,"Public r/soccer comment; label chosen because it gives a rule explanation, stat context, tactical reasoning, or specific evidence.",https://old.reddit.com/r/soccer/comments/1u8k2bp/match_thread_england_vs_croatia_fifa_world_cup/
"Terrible first pen. Keeper off line and encroachment by defender, so retake bailed him out. Not a great retake either tbh. Keeper went wrong way so irrelevant, but only third of the way across and ideal height to save. Poor by Kane's standards",evidence-based analysis,"Public r/soccer comment; label chosen because it gives a rule explanation, stat context, tactical reasoning, or specific evidence.",https://old.reddit.com/r/soccer/comments/1u8k2bp/match_thread_england_vs_croatia_fifa_world_cup/
Waiting for the close up photo. Livakovic looked like his foot was still on the line but they barely showed the replay with a video shot from the book depository with a potato camera,evidence-based analysis,"Public r/soccer comment; label chosen because it gives a rule explanation, stat context, tactical reasoning, or specific evidence.",https://old.reddit.com/r/soccer/comments/1u8k2bp/match_thread_england_vs_croatia_fifa_world_cup/
Half the thread don't know the rules. Blatant encroachment from a Croatian player...who then even got to the ball after the keeper save.,evidence-based analysis,"Public r/soccer comment; label chosen because it gives a rule explanation, stat context, tactical reasoning, or specific evidence.",https://old.reddit.com/r/soccer/comments/1u8k2bp/match_thread_england_vs_croatia_fifa_world_cup/
Are all these commenters even watching the game? Gvardiol encroached and was involved in the rebound,evidence-based analysis,"Public r/soccer comment; label chosen because it gives a rule explanation, stat context, tactical reasoning, or specific evidence.",https://old.reddit.com/r/soccer/comments/1u8k2bp/match_thread_england_vs_croatia_fifa_world_cup/
"Encroachment should be an indirect free kick, not a retake. Seems wildly disproportionate. Change my mind.",evidence-based analysis,"Public r/soccer comment; label chosen because it gives a rule explanation, stat context, tactical reasoning, or specific evidence.",https://old.reddit.com/r/soccer/comments/1u8k2bp/match_thread_england_vs_croatia_fifa_world_cup/
Why is this comment section bitching about a stonewall penalty and it being retaken cause the keeper stepped off his line? Like this is literally 100% correct decisions in every way imaginable,evidence-based analysis,"Public r/soccer comment; label chosen because it gives a rule explanation, stat context, tactical reasoning, or specific evidence.",https://old.reddit.com/r/soccer/comments/1u8k2bp/match_thread_england_vs_croatia_fifa_world_cup/
"No one seems to be understanding it wasn't retaken because of the keeper, it was encroachment by number 4 who was in the box before the penalty was struck + he was first to the ball after the save.",evidence-based analysis,"Public r/soccer comment; label chosen because it gives a rule explanation, stat context, tactical reasoning, or specific evidence.",https://old.reddit.com/r/soccer/comments/1u8k2bp/match_thread_england_vs_croatia_fifa_world_cup/
"All within the rules, but surely the stutter introduced the player into the box. Unfair but fair.",evidence-based analysis,"Public r/soccer comment; label chosen because it gives a rule explanation, stat context, tactical reasoning, or specific evidence.",https://old.reddit.com/r/soccer/comments/1u8k2bp/match_thread_england_vs_croatia_fifa_world_cup/
It’s was well a good call by the ref but the rules need to be changed IMO,evidence-based analysis,"Public r/soccer comment; label chosen because it gives a rule explanation, stat context, tactical reasoning, or specific evidence.",https://old.reddit.com/r/soccer/comments/1u8k2bp/match_thread_england_vs_croatia_fifa_world_cup/
Fifa always calls soft pens against Croatia: 2018 Final against France and 2022 semi against Argentina,evidence-based analysis,"Public r/soccer comment; label chosen because it gives a rule explanation, stat context, tactical reasoning, or specific evidence.",https://old.reddit.com/r/soccer/comments/1u8k2bp/match_thread_england_vs_croatia_fifa_world_cup/
Stutter step should be banned. Just let the kicker and keeper duel it out in terms of reaction and prediction.,evidence-based analysis,"Public r/soccer comment; label chosen because it gives a rule explanation, stat context, tactical reasoning, or specific evidence.",https://old.reddit.com/r/soccer/comments/1u8k2bp/match_thread_england_vs_croatia_fifa_world_cup/
If this was still Southgate we'd be in for an additional 80 minutes of packing the bus and dropping 10 players behind the ball. I hope Tuchel has taught them something better.,evidence-based analysis,"Public r/soccer comment; label chosen because it gives a rule explanation, stat context, tactical reasoning, or specific evidence.",https://old.reddit.com/r/soccer/comments/1u8k2bp/match_thread_england_vs_croatia_fifa_world_cup/
Maduekes pace and dribbling has been put to good use so far but a true football is too fast for unc moment for Modric to give a pen there.,evidence-based analysis,"Public r/soccer comment; label chosen because it gives a rule explanation, stat context, tactical reasoning, or specific evidence.",https://old.reddit.com/r/soccer/comments/1u8k2bp/match_thread_england_vs_croatia_fifa_world_cup/
someone as clinical as kane doesn't need the dancing nonsense. lesson learned,evidence-based analysis,"Public r/soccer comment; label chosen because it gives a rule explanation, stat context, tactical reasoning, or specific evidence.",https://old.reddit.com/r/soccer/comments/1u8k2bp/match_thread_england_vs_croatia_fifa_world_cup/
"It looked like it was actually Gvardiol and not the keeper that caused the retake, and the graphic was just incorrect, right?",evidence-based analysis,"Public r/soccer comment; label chosen because it gives a rule explanation, stat context, tactical reasoning, or specific evidence.",https://old.reddit.com/r/soccer/comments/1u8k2bp/match_thread_england_vs_croatia_fifa_world_cup/
"Where are people getting that encroachment stuff from, the broadcast im watching the comms haven’t mentioned anythin, they’re still doubting the line",evidence-based analysis,"Public r/soccer comment; label chosen because it gives a rule explanation, stat context, tactical reasoning, or specific evidence.",https://old.reddit.com/r/soccer/comments/1u8k2bp/match_thread_england_vs_croatia_fifa_world_cup/
It was encroachment from defender.,evidence-based analysis,"Public r/soccer comment; label chosen because it gives a rule explanation, stat context, tactical reasoning, or specific evidence.",https://old.reddit.com/r/soccer/comments/1u8k2bp/match_thread_england_vs_croatia_fifa_world_cup/
Was it the goal keeper encroachment or outfielder encroachment???? Which was it,evidence-based analysis,"Public r/soccer comment; label chosen because it gives a rule explanation, stat context, tactical reasoning, or specific evidence.",https://old.reddit.com/r/soccer/comments/1u8k2bp/match_thread_england_vs_croatia_fifa_world_cup/
Clear encroachment,evidence-based analysis,"Public r/soccer comment; label chosen because it gives a rule explanation, stat context, tactical reasoning, or specific evidence.",https://old.reddit.com/r/soccer/comments/1u8k2bp/match_thread_england_vs_croatia_fifa_world_cup/
"Understand the rule but also fuck off. Sucks to see a pen have to be retaken, especially after a save",evidence-based analysis,"Public r/soccer comment; label chosen because it gives a rule explanation, stat context, tactical reasoning, or specific evidence.",https://old.reddit.com/r/soccer/comments/1u8k2bp/match_thread_england_vs_croatia_fifa_world_cup/
Looked bad at first but didn't hold at all,evidence-based analysis,"Public r/soccer comment; label chosen because it gives a rule explanation, stat context, tactical reasoning, or specific evidence.",https://old.reddit.com/r/soccer/comments/1u8k2bp/match_thread_england_vs_croatia_fifa_world_cup/
I think it was actually encroachment inside the box maybe,evidence-based analysis,"Public r/soccer comment; label chosen because it gives a rule explanation, stat context, tactical reasoning, or specific evidence.",https://old.reddit.com/r/soccer/comments/1u8k2bp/match_thread_england_vs_croatia_fifa_world_cup/
??Gvardiol in the box and Livakovic off his line too,evidence-based analysis,"Public r/soccer comment; label chosen because it gives a rule explanation, stat context, tactical reasoning, or specific evidence.",https://old.reddit.com/r/soccer/comments/1u8k2bp/match_thread_england_vs_croatia_fifa_world_cup/
What happened to the countdown to take a corner kick? Rice was still on Arsenal schedule there.,evidence-based analysis,"Public r/soccer comment; label chosen because it gives a rule explanation, stat context, tactical reasoning, or specific evidence.",https://old.reddit.com/r/soccer/comments/1u8k2bp/match_thread_england_vs_croatia_fifa_world_cup/
that's gotta be a penalty,reaction / hot take,Public r/soccer comment; label chosen because it mainly expresses a quick judgment or emotional reaction without much support.,https://old.reddit.com/r/soccer/comments/1u8k2bp/match_thread_england_vs_croatia_fifa_world_cup/
Come on! Another penalty?,reaction / hot take,Public r/soccer comment; label chosen because it mainly expresses a quick judgment or emotional reaction without much support.,https://old.reddit.com/r/soccer/comments/1u8k2bp/match_thread_england_vs_croatia_fifa_world_cup/
He was holding his entire arm,reaction / hot take,Public r/soccer comment; label chosen because it mainly expresses a quick judgment or emotional reaction without much support.,https://old.reddit.com/r/soccer/comments/1u8k2bp/match_thread_england_vs_croatia_fifa_world_cup/
Never a penalty,reaction / hot take,Public r/soccer comment; label chosen because it mainly expresses a quick judgment or emotional reaction without much support.,https://old.reddit.com/r/soccer/comments/1u8k2bp/match_thread_england_vs_croatia_fifa_world_cup/
"Even if it benefitted England, that was such a lame way to open the scoring. Rules are rules, but commentary glazing Kane for scoring a 2nd attempt at a penalty by mentioning other super stars is cringe.",reaction / hot take,Public r/soccer comment; label chosen because it mainly expresses a quick judgment or emotional reaction without much support.,https://old.reddit.com/r/soccer/comments/1u8k2bp/match_thread_england_vs_croatia_fifa_world_cup/
"You cant seriously say that VAR decision was made off thst one angle, fucking miles away from the goals, where you still see a leg on the line.",reaction / hot take,Public r/soccer comment; label chosen because it mainly expresses a quick judgment or emotional reaction without much support.,https://old.reddit.com/r/soccer/comments/1u8k2bp/match_thread_england_vs_croatia_fifa_world_cup/
Refs decided to go back to the opening game mentality.,reaction / hot take,Public r/soccer comment; label chosen because it mainly expresses a quick judgment or emotional reaction without much support.,https://old.reddit.com/r/soccer/comments/1u8k2bp/match_thread_england_vs_croatia_fifa_world_cup/
Technology now being abused. This isn't what it's meant for. Trash penalty didn't deserve retake.,reaction / hot take,Public r/soccer comment; label chosen because it mainly expresses a quick judgment or emotional reaction without much support.,https://old.reddit.com/r/soccer/comments/1u8k2bp/match_thread_england_vs_croatia_fifa_world_cup/
CALL ANOTHER BULLSHIT PENALTY TO EVEN IT UP,reaction / hot take,Public r/soccer comment; label chosen because it mainly expresses a quick judgment or emotional reaction without much support.,https://old.reddit.com/r/soccer/comments/1u8k2bp/match_thread_england_vs_croatia_fifa_world_cup/
The rules are so weird in this World Cup,reaction / hot take,Public r/soccer comment; label chosen because it mainly expresses a quick judgment or emotional reaction without much support.,https://old.reddit.com/r/soccer/comments/1u8k2bp/match_thread_england_vs_croatia_fifa_world_cup/
"What bullshit. Madueke is really good at drawing penalties, though. At least he has something going for him.",reaction / hot take,Public r/soccer comment; label chosen because it mainly expresses a quick judgment or emotional reaction without much support.,https://old.reddit.com/r/soccer/comments/1u8k2bp/match_thread_england_vs_croatia_fifa_world_cup/
BS penalty given and even bigger BS given again. This has nothing to do with football anymore gents.,reaction / hot take,Public r/soccer comment; label chosen because it mainly expresses a quick judgment or emotional reaction without much support.,https://old.reddit.com/r/soccer/comments/1u8k2bp/match_thread_england_vs_croatia_fifa_world_cup/
England are so poor defensively,reaction / hot take,Public r/soccer comment; label chosen because it mainly expresses a quick judgment or emotional reaction without much support.,https://old.reddit.com/r/soccer/comments/1u8k2bp/match_thread_england_vs_croatia_fifa_world_cup/
England robbing what a surprise,reaction / hot take,Public r/soccer comment; label chosen because it mainly expresses a quick judgment or emotional reaction without much support.,https://old.reddit.com/r/soccer/comments/1u8k2bp/match_thread_england_vs_croatia_fifa_world_cup/
This is such byllshit. GK can't do anything. Why not just give the strikes go on an empty goal.,reaction / hot take,Public r/soccer comment; label chosen because it mainly expresses a quick judgment or emotional reaction without much support.,https://old.reddit.com/r/soccer/comments/1u8k2bp/match_thread_england_vs_croatia_fifa_world_cup/
This is worst goalkeeping ever,reaction / hot take,Public r/soccer comment; label chosen because it mainly expresses a quick judgment or emotional reaction without much support.,https://old.reddit.com/r/soccer/comments/1u8k2bp/match_thread_england_vs_croatia_fifa_world_cup/
It wasn't for the keeper you fucking wombles Gvardiol was encroaching,reaction / hot take,Public r/soccer comment; label chosen because it mainly expresses a quick judgment or emotional reaction without much support.,https://old.reddit.com/r/soccer/comments/1u8k2bp/match_thread_england_vs_croatia_fifa_world_cup/
Seems like a tough call against the Croatian keeper,reaction / hot take,Public r/soccer comment; label chosen because it mainly expresses a quick judgment or emotional reaction without much support.,https://old.reddit.com/r/soccer/comments/1u8k2bp/match_thread_england_vs_croatia_fifa_world_cup/
Remember England took the lead in the 2018 WC and went onto lose,reaction / hot take,Public r/soccer comment; label chosen because it mainly expresses a quick judgment or emotional reaction without much support.,https://old.reddit.com/r/soccer/comments/1u8k2bp/match_thread_england_vs_croatia_fifa_world_cup/
Fucking can’t stand Harry Kane.,reaction / hot take,Public r/soccer comment; label chosen because it mainly expresses a quick judgment or emotional reaction without much support.,https://old.reddit.com/r/soccer/comments/1u8k2bp/match_thread_england_vs_croatia_fifa_world_cup/
Gifted,reaction / hot take,Public r/soccer comment; label chosen because it mainly expresses a quick judgment or emotional reaction without much support.,https://old.reddit.com/r/soccer/comments/1u8k2bp/match_thread_england_vs_croatia_fifa_world_cup/
Love to see everyone getting their knickers in a twist over 2 objectively correct decisions,reaction / hot take,Public r/soccer comment; label chosen because it mainly expresses a quick judgment or emotional reaction without much support.,https://old.reddit.com/r/soccer/comments/1u8k2bp/match_thread_england_vs_croatia_fifa_world_cup/
Games gone,reaction / hot take,Public r/soccer comment; label chosen because it mainly expresses a quick judgment or emotional reaction without much support.,https://old.reddit.com/r/soccer/comments/1u8k2bp/match_thread_england_vs_croatia_fifa_world_cup/
Dumbass modern football why retake that penalty,reaction / hot take,Public r/soccer comment; label chosen because it mainly expresses a quick judgment or emotional reaction without much support.,https://old.reddit.com/r/soccer/comments/1u8k2bp/match_thread_england_vs_croatia_fifa_world_cup/
Refs doing everything thing they can to help the pathetic English squad. English simps will get mad at the truth,reaction / hot take,Public r/soccer comment; label chosen because it mainly expresses a quick judgment or emotional reaction without much support.,https://old.reddit.com/r/soccer/comments/1u8k2bp/match_thread_england_vs_croatia_fifa_world_cup/
He was obviously not gonna retake the pen going the opposite side smh,reaction / hot take,Public r/soccer comment; label chosen because it mainly expresses a quick judgment or emotional reaction without much support.,https://old.reddit.com/r/soccer/comments/1u8k2bp/match_thread_england_vs_croatia_fifa_world_cup/
really didn't like the retake being given,reaction / hot take,Public r/soccer comment; label chosen because it mainly expresses a quick judgment or emotional reaction without much support.,https://old.reddit.com/r/soccer/comments/1u8k2bp/match_thread_england_vs_croatia_fifa_world_cup/
This was an exciting game too. Oh well time to pack it in and protect their gift.,reaction / hot take,Public r/soccer comment; label chosen because it mainly expresses a quick judgment or emotional reaction without much support.,https://old.reddit.com/r/soccer/comments/1u8k2bp/match_thread_england_vs_croatia_fifa_world_cup/
Now watch us sit back and do nothing for the rest of the game,reaction / hot take,Public r/soccer comment; label chosen because it mainly expresses a quick judgment or emotional reaction without much support.,https://old.reddit.com/r/soccer/comments/1u8k2bp/match_thread_england_vs_croatia_fifa_world_cup/
"Does anyone besides England fans like that? That retake was bs, I’m neutral but that’s got me wanting Croatia to equalize",reaction / hot take,Public r/soccer comment; label chosen because it mainly expresses a quick judgment or emotional reaction without much support.,https://old.reddit.com/r/soccer/comments/1u8k2bp/match_thread_england_vs_croatia_fifa_world_cup/
Those defensive contributions stats don't lie. Unless he's just running around doing cardio,reaction / hot take,Public r/soccer comment; label chosen because it mainly expresses a quick judgment or emotional reaction without much support.,https://www.reddit.com/r/soccer/comments/1ttyoih/fotmob_out_of_all_the_344_la_liga_players_who/
He literally the worst forward in terms of defensive contributions in top-5 league. It's bonkers how lazy he is.,reaction / hot take,Public r/soccer comment; label chosen because it mainly expresses a quick judgment or emotional reaction without much support.,https://www.reddit.com/r/soccer/comments/1ttyoih/fotmob_out_of_all_the_344_la_liga_players_who/
I get messi and Ronaldo walking because they are old this brother is in his prime and his insane speed imagine him running towards you leading that press it would be insane,reaction / hot take,Public r/soccer comment; label chosen because it mainly expresses a quick judgment or emotional reaction without much support.,https://www.reddit.com/r/soccer/comments/1ttyoih/fotmob_out_of_all_the_344_la_liga_players_who/
"Even behind multiple keepers, it's insane.",reaction / hot take,Public r/soccer comment; label chosen because it mainly expresses a quick judgment or emotional reaction without much support.,https://www.reddit.com/r/soccer/comments/1ttyoih/fotmob_out_of_all_the_344_la_liga_players_who/
0.2 is insane. At least the other attackers lik Julian and a vini are above the 1.0 mark. 0.2,reaction / hot take,Public r/soccer comment; label chosen because it mainly expresses a quick judgment or emotional reaction without much support.,https://www.reddit.com/r/soccer/comments/1ttyoih/fotmob_out_of_all_the_344_la_liga_players_who/
"Even if he works three times harder, he would still be last per 90 lol",reaction / hot take,Public r/soccer comment; label chosen because it mainly expresses a quick judgment or emotional reaction without much support.,https://www.reddit.com/r/soccer/comments/1ttyoih/fotmob_out_of_all_the_344_la_liga_players_who/
"Julian is one of the best in the league, its not even a comparison",reaction / hot take,Public r/soccer comment; label chosen because it mainly expresses a quick judgment or emotional reaction without much support.,https://www.reddit.com/r/soccer/comments/1ttyoih/fotmob_out_of_all_the_344_la_liga_players_who/
No he isn’t. He and Rashford have the same contribution. 1.4,reaction / hot take,Public r/soccer comment; label chosen because it mainly expresses a quick judgment or emotional reaction without much support.,https://www.reddit.com/r/soccer/comments/1ttyoih/fotmob_out_of_all_the_344_la_liga_players_who/
"Mbappe dead last is crazy. What's crazier is wtf is Ferran doing down there tf, I swear he presses a lot actually",reaction / hot take,Public r/soccer comment; label chosen because it mainly expresses a quick judgment or emotional reaction without much support.,https://www.reddit.com/r/soccer/comments/1ttyoih/fotmob_out_of_all_the_344_la_liga_players_who/
Bro only runs to score a goal,reaction / hot take,Public r/soccer comment; label chosen because it mainly expresses a quick judgment or emotional reaction without much support.,https://www.reddit.com/r/soccer/comments/1ttyoih/fotmob_out_of_all_the_344_la_liga_players_who/
Being way behind every goalkeeper is really unbelievable.,reaction / hot take,Public r/soccer comment; label chosen because it mainly expresses a quick judgment or emotional reaction without much support.,https://www.reddit.com/r/soccer/comments/1ttyoih/fotmob_out_of_all_the_344_la_liga_players_who/
ferran can't be down there. I refuse to believe it,reaction / hot take,Public r/soccer comment; label chosen because it mainly expresses a quick judgment or emotional reaction without much support.,https://www.reddit.com/r/soccer/comments/1ttyoih/fotmob_out_of_all_the_344_la_liga_players_who/
Surprised ferran is this low,reaction / hot take,Public r/soccer comment; label chosen because it mainly expresses a quick judgment or emotional reaction without much support.,https://www.reddit.com/r/soccer/comments/1ttyoih/fotmob_out_of_all_the_344_la_liga_players_who/
"When you are getting paid at minimum 60mill a year to do what you’ve been doing for years, why would you change?",reaction / hot take,Public r/soccer comment; label chosen because it mainly expresses a quick judgment or emotional reaction without much support.,https://www.reddit.com/r/soccer/comments/1ttyoih/fotmob_out_of_all_the_344_la_liga_players_who/
Ferren Torres shocked me. Flick was right for getting Alvarez and Gordon,reaction / hot take,Public r/soccer comment; label chosen because it mainly expresses a quick judgment or emotional reaction without much support.,https://www.reddit.com/r/soccer/comments/1ttyoih/fotmob_out_of_all_the_344_la_liga_players_who/
Not even one contribution per game??,reaction / hot take,Public r/soccer comment; label chosen because it mainly expresses a quick judgment or emotional reaction without much support.,https://www.reddit.com/r/soccer/comments/1ttyoih/fotmob_out_of_all_the_344_la_liga_players_who/
WHAT?! NO?!,reaction / hot take,Public r/soccer comment; label chosen because it mainly expresses a quick judgment or emotional reaction without much support.,https://www.reddit.com/r/soccer/comments/1ttyoih/fotmob_out_of_all_the_344_la_liga_players_who/
"Nah, Raphinha ranking high in these type of stats",reaction / hot take,Public r/soccer comment; label chosen because it mainly expresses a quick judgment or emotional reaction without much support.,https://www.reddit.com/r/soccer/comments/1ttyoih/fotmob_out_of_all_the_344_la_liga_players_who/
This would be clever insight if his sides ever won anything.,reaction / hot take,Public r/soccer comment; label chosen because it mainly expresses a quick judgment or emotional reaction without much support.,https://www.reddit.com/r/soccer/comments/1ttyoih/fotmob_out_of_all_the_344_la_liga_players_who/
"Pathetic from mbappe absolutely pathetic, its not a coincidence that this psg is winning nonstop now that every player runs.",reaction / hot take,Public r/soccer comment; label chosen because it mainly expresses a quick judgment or emotional reaction without much support.,https://www.reddit.com/r/soccer/comments/1ttyoih/fotmob_out_of_all_the_344_la_liga_players_who/
"At this rate, the ref is probably going to let Declan rice retake a corner if he tells him him shoelace was untied",humor / banter,"Public r/soccer comment; label chosen because it primarily jokes, mocks, exaggerates, or uses rivalry banter.",https://old.reddit.com/r/soccer/comments/1u8k2bp/match_thread_england_vs_croatia_fifa_world_cup/
I forgot how funny these England tournament threads are!! The unhinged hate,humor / banter,"Public r/soccer comment; label chosen because it primarily jokes, mocks, exaggerates, or uses rivalry banter.",https://old.reddit.com/r/soccer/comments/1u8k2bp/match_thread_england_vs_croatia_fifa_world_cup/
Reese James got rinddd,humor / banter,"Public r/soccer comment; label chosen because it primarily jokes, mocks, exaggerates, or uses rivalry banter.",https://old.reddit.com/r/soccer/comments/1u8k2bp/match_thread_england_vs_croatia_fifa_world_cup/
lol he went down so easy,humor / banter,"Public r/soccer comment; label chosen because it primarily jokes, mocks, exaggerates, or uses rivalry banter.",https://old.reddit.com/r/soccer/comments/1u8k2bp/match_thread_england_vs_croatia_fifa_world_cup/
Arsenal heritage,humor / banter,"Public r/soccer comment; label chosen because it primarily jokes, mocks, exaggerates, or uses rivalry banter.",https://old.reddit.com/r/soccer/comments/1u8k2bp/match_thread_england_vs_croatia_fifa_world_cup/
"""Its coming home"" We know because we made sure the refs are instructed",humor / banter,"Public r/soccer comment; label chosen because it primarily jokes, mocks, exaggerates, or uses rivalry banter.",https://old.reddit.com/r/soccer/comments/1u8k2bp/match_thread_england_vs_croatia_fifa_world_cup/
Always liked this Trossard referee,humor / banter,"Public r/soccer comment; label chosen because it primarily jokes, mocks, exaggerates, or uses rivalry banter.",https://old.reddit.com/r/soccer/comments/1u8k2bp/match_thread_england_vs_croatia_fifa_world_cup/
"I miss having Kane's plot armour, a penalty and a retake",humor / banter,"Public r/soccer comment; label chosen because it primarily jokes, mocks, exaggerates, or uses rivalry banter.",https://old.reddit.com/r/soccer/comments/1u8k2bp/match_thread_england_vs_croatia_fifa_world_cup/
PEN PEN PEN,humor / banter,"Public r/soccer comment; label chosen because it primarily jokes, mocks, exaggerates, or uses rivalry banter.",https://old.reddit.com/r/soccer/comments/1u8k2bp/match_thread_england_vs_croatia_fifa_world_cup/
Laughs all the way,humor / banter,"Public r/soccer comment; label chosen because it primarily jokes, mocks, exaggerates, or uses rivalry banter.",https://old.reddit.com/r/soccer/comments/1u8k2bp/match_thread_england_vs_croatia_fifa_world_cup/
Always the way lol,humor / banter,"Public r/soccer comment; label chosen because it primarily jokes, mocks, exaggerates, or uses rivalry banter.",https://old.reddit.com/r/soccer/comments/1u8k2bp/match_thread_england_vs_croatia_fifa_world_cup/
What an embarrassment that was. I challenge the England Maple Leafs to score 2 goals from open play once in this group stage.,humor / banter,"Public r/soccer comment; label chosen because it primarily jokes, mocks, exaggerates, or uses rivalry banter.",https://old.reddit.com/r/soccer/comments/1u8k2bp/match_thread_england_vs_croatia_fifa_world_cup/
Yo what is this hate for England XD,humor / banter,"Public r/soccer comment; label chosen because it primarily jokes, mocks, exaggerates, or uses rivalry banter.",https://old.reddit.com/r/soccer/comments/1u8k2bp/match_thread_england_vs_croatia_fifa_world_cup/
Look at Rashford pressing. Thats cute. Look at the wheels on that boy.,humor / banter,"Public r/soccer comment; label chosen because it primarily jokes, mocks, exaggerates, or uses rivalry banter.",https://old.reddit.com/r/soccer/comments/1u8k2bp/match_thread_england_vs_croatia_fifa_world_cup/
Don't wanna say anything too early but I reckon we win the world cup,humor / banter,"Public r/soccer comment; label chosen because it primarily jokes, mocks, exaggerates, or uses rivalry banter.",https://old.reddit.com/r/soccer/comments/1u8k2bp/match_thread_england_vs_croatia_fifa_world_cup/
Suck it soccer lol,humor / banter,"Public r/soccer comment; label chosen because it primarily jokes, mocks, exaggerates, or uses rivalry banter.",https://old.reddit.com/r/soccer/comments/1u8k2bp/match_thread_england_vs_croatia_fifa_world_cup/
Modrić has done more damage to his own team in 10 minutes than Ronaldo did in 90 minutes. Real Madrid legacy right there.,humor / banter,"Public r/soccer comment; label chosen because it primarily jokes, mocks, exaggerates, or uses rivalry banter.",https://old.reddit.com/r/soccer/comments/1u8k2bp/match_thread_england_vs_croatia_fifa_world_cup/
"So rigged what a joke, Gvardiol was clearing pushed into the area early by the ghost of Churchill",humor / banter,"Public r/soccer comment; label chosen because it primarily jokes, mocks, exaggerates, or uses rivalry banter.",https://old.reddit.com/r/soccer/comments/1u8k2bp/match_thread_england_vs_croatia_fifa_world_cup/
It’s coming home!,humor / banter,"Public r/soccer comment; label chosen because it primarily jokes, mocks, exaggerates, or uses rivalry banter.",https://old.reddit.com/r/soccer/comments/1u8k2bp/match_thread_england_vs_croatia_fifa_world_cup/
Coming Home status: It's,humor / banter,"Public r/soccer comment; label chosen because it primarily jokes, mocks, exaggerates, or uses rivalry banter.",https://old.reddit.com/r/soccer/comments/1u8k2bp/match_thread_england_vs_croatia_fifa_world_cup/
England is the okc thunders of fifa,humor / banter,"Public r/soccer comment; label chosen because it primarily jokes, mocks, exaggerates, or uses rivalry banter.",https://old.reddit.com/r/soccer/comments/1u8k2bp/match_thread_england_vs_croatia_fifa_world_cup/
Kane would win a Ballon d'Or if his surname allowed a penalty merchant slander nickname.,humor / banter,"Public r/soccer comment; label chosen because it primarily jokes, mocks, exaggerates, or uses rivalry banter.",https://old.reddit.com/r/soccer/comments/1u8k2bp/match_thread_england_vs_croatia_fifa_world_cup/
Pengland ??? Penalty ?? No two penalties! barfing. Shocking.,humor / banter,"Public r/soccer comment; label chosen because it primarily jokes, mocks, exaggerates, or uses rivalry banter.",https://old.reddit.com/r/soccer/comments/1u8k2bp/match_thread_england_vs_croatia_fifa_world_cup/
"If you weren't hatewatching before, you are now.",humor / banter,"Public r/soccer comment; label chosen because it primarily jokes, mocks, exaggerates, or uses rivalry banter.",https://old.reddit.com/r/soccer/comments/1u8k2bp/match_thread_england_vs_croatia_fifa_world_cup/
"Early set piece goal against Croatia, what could go wrong?",humor / banter,"Public r/soccer comment; label chosen because it primarily jokes, mocks, exaggerates, or uses rivalry banter.",https://old.reddit.com/r/soccer/comments/1u8k2bp/match_thread_england_vs_croatia_fifa_world_cup/
"It’s me, I’m haters",humor / banter,"Public r/soccer comment; label chosen because it primarily jokes, mocks, exaggerates, or uses rivalry banter.",https://old.reddit.com/r/soccer/comments/1u8k2bp/match_thread_england_vs_croatia_fifa_world_cup/
Harry Kane and scoring goals mostly from PKs... name a better duo,humor / banter,"Public r/soccer comment; label chosen because it primarily jokes, mocks, exaggerates, or uses rivalry banter.",https://old.reddit.com/r/soccer/comments/1u8k2bp/match_thread_england_vs_croatia_fifa_world_cup/
Harry Kane and missing PKs,humor / banter,"Public r/soccer comment; label chosen because it primarily jokes, mocks, exaggerates, or uses rivalry banter.",https://old.reddit.com/r/soccer/comments/1u8k2bp/match_thread_england_vs_croatia_fifa_world_cup/
"Love the tears. Can't have a World Cup without all the irrational England hate. Keep is coming, dears.",humor / banter,"Public r/soccer comment; label chosen because it primarily jokes, mocks, exaggerates, or uses rivalry banter.",https://old.reddit.com/r/soccer/comments/1u8k2bp/match_thread_england_vs_croatia_fifa_world_cup/
"It's coming home, England doesn't have to do anything",humor / banter,"Public r/soccer comment; label chosen because it primarily jokes, mocks, exaggerates, or uses rivalry banter.",https://old.reddit.com/r/soccer/comments/1u8k2bp/match_thread_england_vs_croatia_fifa_world_cup/
Bring back the OLD MLS pens /s,humor / banter,"Public r/soccer comment; label chosen because it primarily jokes, mocks, exaggerates, or uses rivalry banter.",https://old.reddit.com/r/soccer/comments/1u8k2bp/match_thread_england_vs_croatia_fifa_world_cup/
100+ typing. England gets people riled up. Fookin love it,humor / banter,"Public r/soccer comment; label chosen because it primarily jokes, mocks, exaggerates, or uses rivalry banter.",https://old.reddit.com/r/soccer/comments/1u8k2bp/match_thread_england_vs_croatia_fifa_world_cup/
"78 minutes left and we’re 1-0 up, time to park the bus lads",humor / banter,"Public r/soccer comment; label chosen because it primarily jokes, mocks, exaggerates, or uses rivalry banter.",https://old.reddit.com/r/soccer/comments/1u8k2bp/match_thread_england_vs_croatia_fifa_world_cup/
Blindfold the keeper and tie his hands around his back i think goalkeepers need more of a disadvantage,humor / banter,"Public r/soccer comment; label chosen because it primarily jokes, mocks, exaggerates, or uses rivalry banter.",https://old.reddit.com/r/soccer/comments/1u8k2bp/match_thread_england_vs_croatia_fifa_world_cup/
come on Fox Sports: Incorrectly pronounce Birmingham,humor / banter,"Public r/soccer comment; label chosen because it primarily jokes, mocks, exaggerates, or uses rivalry banter.",https://old.reddit.com/r/soccer/comments/1u8k2bp/match_thread_england_vs_croatia_fifa_world_cup/
2 buckets of vindaloo please barmaid,humor / banter,"Public r/soccer comment; label chosen because it primarily jokes, mocks, exaggerates, or uses rivalry banter.",https://old.reddit.com/r/soccer/comments/1u8k2bp/match_thread_england_vs_croatia_fifa_world_cup/
Seeing how tanned the england white players is so funny,humor / banter,"Public r/soccer comment; label chosen because it primarily jokes, mocks, exaggerates, or uses rivalry banter.",https://old.reddit.com/r/soccer/comments/1u8k2bp/match_thread_england_vs_croatia_fifa_world_cup/
Come on you Spurs,humor / banter,"Public r/soccer comment; label chosen because it primarily jokes, mocks, exaggerates, or uses rivalry banter.",https://old.reddit.com/r/soccer/comments/1u8k2bp/match_thread_england_vs_croatia_fifa_world_cup/
its never coming home,humor / banter,"Public r/soccer comment; label chosen because it primarily jokes, mocks, exaggerates, or uses rivalry banter.",https://old.reddit.com/r/soccer/comments/1u8k2bp/match_thread_england_vs_croatia_fifa_world_cup/
"*THAT'S* why you have Madueke in you team, he's chaos",humor / banter,"Public r/soccer comment; label chosen because it primarily jokes, mocks, exaggerates, or uses rivalry banter.",https://old.reddit.com/r/soccer/comments/1u8k2bp/match_thread_england_vs_croatia_fifa_world_cup/
We are so fucking back,humor / banter,"Public r/soccer comment; label chosen because it primarily jokes, mocks, exaggerates, or uses rivalry banter.",https://old.reddit.com/r/soccer/comments/1u8k2bp/match_thread_england_vs_croatia_fifa_world_cup/
Lee Dixon defining trauma and PTSD lol,humor / banter,"Public r/soccer comment; label chosen because it primarily jokes, mocks, exaggerates, or uses rivalry banter.",https://old.reddit.com/r/soccer/comments/1u8k2bp/match_thread_england_vs_croatia_fifa_world_cup/
"I'm sensing a ""ball dont lie"" moment coming soon.",humor / banter,"Public r/soccer comment; label chosen because it primarily jokes, mocks, exaggerates, or uses rivalry banter.",https://old.reddit.com/r/soccer/comments/1u8k2bp/match_thread_england_vs_croatia_fifa_world_cup/
He min-maxed to get the Pichichi,humor / banter,"Public r/soccer comment; label chosen because it primarily jokes, mocks, exaggerates, or uses rivalry banter.",https://www.reddit.com/r/soccer/comments/1ttyoih/fotmob_out_of_all_the_344_la_liga_players_who/
Found Lucho's reddit account.,humor / banter,"Public r/soccer comment; label chosen because it primarily jokes, mocks, exaggerates, or uses rivalry banter.",https://www.reddit.com/r/soccer/comments/1ttyoih/fotmob_out_of_all_the_344_la_liga_players_who/
The true r/antiwork hero,humor / banter,"Public r/soccer comment; label chosen because it primarily jokes, mocks, exaggerates, or uses rivalry banter.",https://www.reddit.com/r/soccer/comments/1ttyoih/fotmob_out_of_all_the_344_la_liga_players_who/
There should be an inverse Pichichi for this,humor / banter,"Public r/soccer comment; label chosen because it primarily jokes, mocks, exaggerates, or uses rivalry banter.",https://www.reddit.com/r/soccer/comments/1ttyoih/fotmob_out_of_all_the_344_la_liga_players_who/
"Out of all the 344 La Liga players who have played in the 2025/26 season, Kylian Mbappé ranks first in goal contributions. Source: I counted.",humor / banter,"Public r/soccer comment; label chosen because it primarily jokes, mocks, exaggerates, or uses rivalry banter.",https://www.reddit.com/r/soccer/comments/1ttyoih/fotmob_out_of_all_the_344_la_liga_players_who/
Didnt you know Xabi and Mbappe were gonna win the Treble before evil Vinicius ruined it?,humor / banter,"Public r/soccer comment; label chosen because it primarily jokes, mocks, exaggerates, or uses rivalry banter.",https://www.reddit.com/r/soccer/comments/1ttyoih/fotmob_out_of_all_the_344_la_liga_players_who/
Hojlund is 2.5 times better in defense than Mbappe still,humor / banter,"Public r/soccer comment; label chosen because it primarily jokes, mocks, exaggerates, or uses rivalry banter.",https://www.reddit.com/r/soccer/comments/1ttyoih/fotmob_out_of_all_the_344_la_liga_players_who/
